gender,cursmoke,diabetes,bpmeds,bmicat,agecat,tbin,D,Y,Rate,Lower,Upper,L
1,0,0,0,1,1,0,0,10950,0,,,1825
1,0,0,0,1,2,0,0,7300,0,,,1825
1,0,0,0,1,3,0,0,5475,0,,,1825
1,0,0,0,1,4,0,0,5475,0,,,1825
1,0,0,0,2,1,0,0,191625,0,,,1825
1,0,0,0,2,2,0,1,385409,2.59E-06,3.65E-07,1.84E-05,1825
1,0,0,0,2,3,0,7,333030,2.10E-05,1.00E-05,4.41E-05,1825
1,0,0,0,2,4,0,4,148320,2.70E-05,1.01E-05,7.19E-05,1825
1,0,0,0,3,1,0,0,98550,0,,,1825
1,0,0,0,3,2,0,2,284552,7.03E-06,1.76E-06,2.81E-05,1825
1,0,0,0,3,3,0,5,385403,1.30E-05,5.40E-06,3.12E-05,1825
1,0,0,0,3,4,0,6,171661,3.50E-05,1.57E-05,7.78E-05,1825
1,0,0,0,4,1,0,0,25550,0,,,1825
1,0,0,0,4,2,0,1,103844,9.63E-06,1.36E-06,6.84E-05,1825
1,0,0,0,4,3,0,2,156084,1.28E-05,3.20E-06,5.12E-05,1825
1,0,0,0,4,4,0,6,110458,5.43E-05,2.44E-05,0.000120908,1825
1,0,0,1,2,2,0,0,3650,0,,,1825
1,0,0,1,2,3,0,0,12775,0,,,1825
1,0,0,1,2,4,0,1,10754,9.30E-05,1.31E-05,0.000660133,1825
1,0,0,1,3,2,0,0,3650,0,,,1825
1,0,0,1,3,3,0,1,29953,3.34E-05,4.70E-06,0.000237007,1825
1,0,0,1,3,4,0,0,14600,0,,,1825
1,0,0,1,4,1,0,0,1825,0,,,1825
1,0,0,1,4,2,0,0,7300,0,,,1825
1,0,0,1,4,3,0,0,10950,0,,,1825
1,0,0,1,4,4,0,1,17775,5.63E-05,7.92E-06,0.000399385,1825
1,0,1,0,2,1,0,0,1825,0,,,1825
1,0,1,0,2,2,0,0,3650,0,,,1825
1,0,1,0,2,3,0,1,5237,0.000190949,2.69E-05,0.001355561,1825
1,0,1,0,2,4,0,1,5398,0.000185254,2.61E-05,0.00131513,1825
1,0,1,0,3,2,0,0,1825,0,,,1825
1,0,1,0,3,3,0,1,12456,8.03E-05,1.13E-05,0.000569932,1825
1,0,1,0,3,4,0,0,12775,0,,,1825
1,0,1,0,4,1,0,0,1825,0,,,1825
1,0,1,0,4,2,0,0,3650,0,,,1825
1,0,1,0,4,3,0,1,5782,0.000172951,2.44E-05,0.001227788,1825
1,0,1,0,4,4,0,0,7300,0,,,1825
1,0,1,1,2,3,0,0,1825,0,,,1825
1,0,1,1,3,3,0,0,1825,0,,,1825
1,0,1,1,3,4,0,2,1934,0.001034126,0.000258633,0.00413489,1825
1,0,1,1,4,3,0,0,3650,0,,,1825
1,1,0,0,1,1,0,0,18250,0,,,1825
1,1,0,0,1,2,0,0,16425,0,,,1825
1,1,0,0,1,3,0,1,10293,9.72E-05,1.37E-05,0.000689699,1825
1,1,0,0,1,4,0,0,1825,0,,,1825
1,1,0,0,2,1,0,2,291737,6.86E-06,1.71E-06,2.74E-05,1825
1,1,0,0,2,2,0,4,528539,7.57E-06,2.84E-06,2.02E-05,1825
1,1,0,0,2,3,0,4,183307,2.18E-05,8.19E-06,5.81E-05,1825
1,1,0,0,2,4,0,1,54784,1.83E-05,2.57E-06,0.000129583,1825
1,1,0,0,3,1,0,0,78475,0,,,1825
1,1,0,0,3,2,0,1,187096,5.34E-06,7.53E-07,3.79E-05,1825
1,1,0,0,3,3,0,5,158065,3.16E-05,1.32E-05,7.60E-05,1825
1,1,0,0,3,4,0,1,33034,3.03E-05,4.26E-06,0.000214902,1825
1,1,0,0,4,1,0,0,16425,0,,,1825
1,1,0,0,4,2,0,0,62050,0,,,1825
1,1,0,0,4,3,0,0,38325,0,,,1825
1,1,0,0,4,4,0,0,18250,0,,,1825
1,1,0,1,1,2,0,0,1825,0,,,1825
1,1,0,1,2,1,0,0,1825,0,,,1825
1,1,0,1,2,2,0,0,9125,0,,,1825
1,1,0,1,2,3,0,0,5475,0,,,1825
1,1,0,1,2,4,0,1,526,0.001901141,0.000267801,0.013496333,1825
1,1,0,1,3,2,0,1,2821,0.000354484,4.99E-05,0.002516509,1825
1,1,0,1,3,3,0,0,10950,0,,,1825
1,1,0,1,3,4,0,0,7300,0,,,1825
1,1,0,1,4,2,0,0,1825,0,,,1825
1,1,0,1,4,3,0,0,7300,0,,,1825
1,1,0,1,4,4,0,0,3650,0,,,1825
1,1,1,0,1,2,0,0,1825,0,,,1825
1,1,1,0,1,3,0,0,1825,0,,,1825
1,1,1,0,2,1,0,1,1169,0.000855432,0.000120499,0.006072773,1825
1,1,1,0,2,2,0,0,5475,0,,,1825
1,1,1,0,2,3,0,0,1825,0,,,1825
1,1,1,0,3,2,0,1,3535,0.000282885,3.98E-05,0.002008224,1825
1,1,1,0,3,3,0,0,5475,0,,,1825
1,1,1,0,3,4,0,0,1825,0,,,1825
1,1,1,0,4,2,0,2,909,0.00220022,0.00055027,0.008797444,1825
1,1,1,0,4,3,0,0,1825,0,,,1825
1,1,1,0,4,4,0,0,1825,0,,,1825
1,1,1,1,3,3,0,1,1215,0.000823045,0.000115937,0.005842857,1825
1,1,1,1,4,4,0,1,53,0.018867925,0.002657802,0.133944743,1825
1,0,0,0,1,1,1825,0,10950,0,,,1825
1,0,0,0,1,2,1825,0,7300,0,,,1825
1,0,0,0,1,3,1825,0,5475,0,,,1825
1,0,0,0,1,4,1825,0,5475,0,,,1825
1,0,0,0,2,1,1825,0,191625,0,,,1825
1,0,0,0,2,2,1825,6,380294,1.58E-05,7.09E-06,3.51E-05,1825
1,0,0,0,2,3,1825,6,321376,1.87E-05,8.39E-06,4.16E-05,1825
1,0,0,0,2,4,1825,9,138514,6.50E-05,3.38E-05,0.000124877,1825
1,0,0,0,3,1,1825,0,98550,0,,,1825
1,0,0,0,3,2,1825,4,279880,1.43E-05,5.36E-06,3.81E-05,1825
1,0,0,0,3,3,1825,8,374442,2.14E-05,1.07E-05,4.27E-05,1825
1,0,0,0,3,4,1825,8,159394,5.02E-05,2.51E-05,0.000100361,1825
1,0,0,0,4,1,1825,0,25550,0,,,1825
1,0,0,0,4,2,1825,2,101506,1.97E-05,4.93E-06,7.88E-05,1825
1,0,0,0,4,3,1825,4,151849,2.63E-05,9.89E-06,7.02E-05,1825
1,0,0,0,4,4,1825,6,98577,6.09E-05,2.73E-05,0.000135481,1825
1,0,0,1,2,2,1825,0,3650,0,,,1825
1,0,0,1,2,3,1825,0,12775,0,,,1825
1,0,0,1,2,4,1825,1,7504,0.000133262,1.88E-05,0.000946038,1825
1,0,0,1,3,2,1825,1,3405,0.000293686,4.14E-05,0.002084896,1825
1,0,0,1,3,3,1825,1,29009,3.45E-05,4.86E-06,0.00024472,1825
1,0,0,1,3,4,1825,1,13407,7.46E-05,1.05E-05,0.000529505,1825
1,0,0,1,4,1,1825,0,1825,0,,,1825
1,0,0,1,4,2,1825,0,7300,0,,,1825
1,0,0,1,4,3,1825,0,10950,0,,,1825
1,0,0,1,4,4,1825,1,16191,6.18E-05,8.70E-06,0.000438458,1825
1,0,1,0,2,1,1825,0,1825,0,,,1825
1,0,1,0,2,2,1825,0,3650,0,,,1825
1,0,1,0,2,3,1825,0,3650,0,,,1825
1,0,1,0,2,4,1825,0,3650,0,,,1825
1,0,1,0,3,2,1825,0,1825,0,,,1825
1,0,1,0,3,3,1825,0,10950,0,,,1825
1,0,1,0,3,4,1825,2,9984,0.000200321,5.01E-05,0.000800969,1825
1,0,1,0,4,1,1825,0,1825,0,,,1825
1,0,1,0,4,2,1825,0,3650,0,,,1825
1,0,1,0,4,3,1825,1,4800,0.000208333,2.93E-05,0.001478973,1825
1,0,1,0,4,4,1825,0,7300,0,,,1825
1,0,1,1,2,3,1825,1,872,0.001146789,0.000161541,0.008141137,1825
1,0,1,1,3,3,1825,0,1825,0,,,1825
1,0,1,1,4,3,1825,0,3650,0,,,1825
1,1,0,0,1,1,1825,1,16559,6.04E-05,8.51E-06,0.000428714,1825
1,1,0,0,1,2,1825,1,14796,6.76E-05,9.52E-06,0.000479797,1825
1,1,0,0,1,3,1825,1,8456,0.000118259,1.67E-05,0.000839531,1825
1,1,0,0,1,4,1825,0,1825,0,,,1825
1,1,0,0,2,1,1825,2,289873,6.90E-06,1.73E-06,2.76E-05,1825
1,1,0,0,2,2,1825,8,518535,1.54E-05,7.72E-06,3.09E-05,1825
1,1,0,0,2,3,1825,5,175930,2.84E-05,1.18E-05,6.83E-05,1825
1,1,0,0,2,4,1825,3,52644,5.70E-05,1.84E-05,0.000176691,1825
1,1,0,0,3,1,1825,3,75870,3.95E-05,1.28E-05,0.000122601,1825
1,1,0,0,3,2,1825,4,181465,2.20E-05,8.27E-06,5.87E-05,1825
1,1,0,0,3,3,1825,4,148212,2.70E-05,1.01E-05,7.19E-05,1825
1,1,0,0,3,4,1825,3,30283,9.91E-05,3.20E-05,0.000307159,1825
1,1,0,0,4,1,1825,1,15342,6.52E-05,9.18E-06,0.000462721,1825
1,1,0,0,4,2,1825,3,59666,5.03E-05,1.62E-05,0.000155896,1825
1,1,0,0,4,3,1825,0,38325,0,,,1825
1,1,0,0,4,4,1825,1,17873,5.60E-05,7.88E-06,0.000397195,1825
1,1,0,1,1,2,1825,0,1825,0,,,1825
1,1,0,1,2,1,1825,0,1825,0,,,1825
1,1,0,1,2,2,1825,0,9125,0,,,1825
1,1,0,1,2,3,1825,1,3809,0.000262536,3.70E-05,0.001863763,1825
1,1,0,1,3,2,1825,0,1825,0,,,1825
1,1,0,1,3,3,1825,0,10950,0,,,1825
1,1,0,1,3,4,1825,0,7300,0,,,1825
1,1,0,1,4,2,1825,0,1825,0,,,1825
1,1,0,1,4,3,1825,2,5258,0.000380373,9.51E-05,0.001520897,1825
1,1,0,1,4,4,1825,1,1986,0.000503525,7.09E-05,0.003574558,1825
1,1,1,0,1,2,1825,0,1825,0,,,1825
1,1,1,0,1,3,1825,0,1825,0,,,1825
1,1,1,0,2,2,1825,0,5475,0,,,1825
1,1,1,0,2,3,1825,0,1825,0,,,1825
1,1,1,0,3,2,1825,0,1825,0,,,1825
1,1,1,0,3,3,1825,0,5475,0,,,1825
1,1,1,0,3,4,1825,0,1825,0,,,1825
1,1,1,0,4,3,1825,0,1825,0,,,1825
1,1,1,0,4,4,1825,0,1825,0,,,1825
1,0,0,0,1,1,3650,0,10950,0,,,1825
1,0,0,0,1,2,3650,0,7300,0,,,1825
1,0,0,0,1,3,3650,1,4392,0.000227687,3.21E-05,0.001616364,1825
1,0,0,0,1,4,3650,1,5384,0.000185736,2.62E-05,0.00131855,1825
1,0,0,0,2,1,3650,3,188212,1.59E-05,5.14E-06,4.94E-05,1825
1,0,0,0,2,2,3650,8,369212,2.17E-05,1.08E-05,4.33E-05,1825
1,0,0,0,2,3,3650,16,300746,5.32E-05,3.26E-05,8.68E-05,1825
1,0,0,0,2,4,3650,10,117080,8.54E-05,4.60E-05,0.000158742,1825
1,0,0,0,3,1,3650,0,98550,0,,,1825
1,0,0,0,3,2,3650,1,273655,3.65E-06,5.15E-07,2.59E-05,1825
1,0,0,0,3,3,3650,12,355211,3.38E-05,1.92E-05,5.95E-05,1825
1,0,0,0,3,4,3650,10,144561,6.92E-05,3.72E-05,0.000128565,1825
1,0,0,0,4,1,3650,0,25550,0,,,1825
1,0,0,0,4,2,3650,3,95532,3.14E-05,1.01E-05,9.74E-05,1825
1,0,0,0,4,3,3650,7,141358,4.95E-05,2.36E-05,0.000103873,1825
1,0,0,0,4,4,3650,12,85994,0.000139545,7.92E-05,0.000245716,1825
1,0,0,1,2,2,3650,0,3650,0,,,1825
1,0,0,1,2,3,3650,3,10221,0.000293513,9.47E-05,0.000910058,1825
1,0,0,1,2,4,3650,0,7300,0,,,1825
1,0,0,1,3,2,3650,0,1825,0,,,1825
1,0,0,1,3,3,3650,2,25947,7.71E-05,1.93E-05,0.0003082,1825
1,0,0,1,3,4,3650,2,12283,0.000162827,4.07E-05,0.000651052,1825
1,0,0,1,4,1,3650,0,1825,0,,,1825
1,0,0,1,4,2,3650,1,5993,0.000166861,2.35E-05,0.001184561,1825
1,0,0,1,4,3,3650,1,9196,0.000108743,1.53E-05,0.000771974,1825
1,0,0,1,4,4,3650,2,13492,0.000148236,3.71E-05,0.000592712,1825
1,0,1,0,2,1,3650,1,846,0.001182033,0.000166505,0.008391337,1825
1,0,1,0,2,2,3650,1,2760,0.000362319,5.10E-05,0.002572127,1825
1,0,1,0,2,3,3650,1,1951,0.000512558,7.22E-05,0.003638683,1825
1,0,1,0,2,4,3650,1,2356,0.000424448,5.98E-05,0.003013188,1825
1,0,1,0,3,2,3650,0,1825,0,,,1825
1,0,1,0,3,3,3650,2,7871,0.000254097,6.35E-05,0.001015992,1825
1,0,1,0,3,4,3650,1,7648,0.000130753,1.84E-05,0.000928226,1825
1,0,1,0,4,1,3650,0,1825,0,,,1825
1,0,1,0,4,2,3650,0,3650,0,,,1825
1,0,1,0,4,3,3650,1,2933,0.000340948,4.80E-05,0.002420413,1825
1,0,1,0,4,4,3650,1,6761,0.000147907,2.08E-05,0.001050003,1825
1,0,1,1,3,3,3650,1,1670,0.000598802,8.43E-05,0.004250941,1825
1,0,1,1,4,3,3650,0,3650,0,,,1825
1,1,0,0,1,1,3650,0,16425,0,,,1825
1,1,0,0,1,2,3650,1,12817,7.80E-05,1.10E-05,0.000553879,1825
1,1,0,0,1,3,3650,0,7300,0,,,1825
1,1,0,0,1,4,3650,1,1055,0.000947867,0.00013352,0.006728978,1825
1,1,0,0,2,1,3650,3,283514,1.06E-05,3.41E-06,3.28E-05,1825
1,1,0,0,2,2,3650,9,502967,1.79E-05,9.31E-06,3.44E-05,1825
1,1,0,0,2,3,3650,3,166312,1.80E-05,5.82E-06,5.59E-05,1825
1,1,0,0,2,4,3650,11,36873,0.000298321,0.00016521,0.00053868,1825
1,1,0,0,3,1,3650,2,71059,2.81E-05,7.04E-06,0.000112539,1825
1,1,0,0,3,2,3650,4,174967,2.29E-05,8.58E-06,6.09E-05,1825
1,1,0,0,3,3,3650,8,137894,5.80E-05,2.90E-05,0.000116008,1825
1,1,0,0,3,4,3650,1,26341,3.80E-05,5.35E-06,0.000269507,1825
1,1,0,0,4,1,3650,0,14600,0,,,1825
1,1,0,0,4,2,3650,5,54388,9.19E-05,3.83E-05,0.00022087,1825
1,1,0,0,4,3,3650,3,35306,8.50E-05,2.74E-05,0.00026346,1825
1,1,0,0,4,4,3650,4,13698,0.000292013,0.000109598,0.000778043,1825
1,1,0,1,1,2,3650,0,1825,0,,,1825
1,1,0,1,2,1,3650,0,1825,0,,,1825
1,1,0,1,2,2,3650,0,9125,0,,,1825
1,1,0,1,2,3,3650,1,2812,0.000355619,5.01E-05,0.002524563,1825
1,1,0,1,3,2,3650,0,1825,0,,,1825
1,1,0,1,3,3,3650,1,10851,9.22E-05,1.30E-05,0.000654232,1825
1,1,0,1,3,4,3650,1,6443,0.000155207,2.19E-05,0.001101827,1825
1,1,0,1,4,2,3650,0,1825,0,,,1825
1,1,0,1,4,3,3650,1,3045,0.000328407,4.63E-05,0.002331386,1825
1,1,0,1,4,4,3650,0,1825,0,,,1825
1,1,1,0,1,2,3650,0,1825,0,,,1825
1,1,1,0,1,3,3650,0,1825,0,,,1825
1,1,1,0,2,2,3650,1,5183,0.000192938,2.72E-05,0.001369684,1825
1,1,1,0,2,3,3650,0,1825,0,,,1825
1,1,1,0,3,2,3650,0,1825,0,,,1825
1,1,1,0,3,3,3650,1,4616,0.000216638,3.05E-05,0.001537927,1825
1,1,1,0,3,4,3650,0,1825,0,,,1825
1,1,1,0,4,3,3650,0,1825,0,,,1825
1,1,1,0,4,4,3650,0,1825,0,,,1825
1,0,0,0,1,1,5475,0,10950,0,,,1825
1,0,0,0,1,2,5475,0,7300,0,,,1825
1,0,0,0,1,3,5475,0,3650,0,,,1825
1,0,0,0,1,4,5475,0,3650,0,,,1825
1,0,0,0,2,1,5475,2,184917,1.08E-05,2.70E-06,4.32E-05,1825
1,0,0,0,2,2,5475,4,353852,1.13E-05,4.24E-06,3.01E-05,1825
1,0,0,0,2,3,5475,10,275580,3.63E-05,1.95E-05,6.74E-05,1825
1,0,0,0,2,4,5475,8,101846,7.86E-05,3.93E-05,0.000157069,1825
1,0,0,0,3,1,5475,3,95420,3.14E-05,1.01E-05,9.75E-05,1825
1,0,0,0,3,2,5475,5,266015,1.88E-05,7.82E-06,4.52E-05,1825
1,0,0,0,3,3,5475,20,327951,6.10E-05,3.93E-05,9.45E-05,1825
1,0,0,0,3,4,5475,15,117736,0.000127404,7.68E-05,0.00021133,1825
1,0,0,0,4,1,5475,0,25550,0,,,1825
1,0,0,0,4,2,5475,0,93075,0,,,1825
1,0,0,0,4,3,5475,9,128191,7.02E-05,3.65E-05,0.000134933,1825
1,0,0,0,4,4,5475,10,61680,0.000162127,8.72E-05,0.000301321,1825
1,0,0,1,2,2,5475,0,3650,0,,,1825
1,0,0,1,2,3,5475,0,7300,0,,,1825
1,0,0,1,2,4,5475,0,7300,0,,,1825
1,0,0,1,3,2,5475,0,1825,0,,,1825
1,0,0,1,3,3,5475,2,22726,8.80E-05,2.20E-05,0.000351882,1825
1,0,0,1,3,4,5475,1,8562,0.000116795,1.65E-05,0.000829137,1825
1,0,0,1,4,1,5475,0,1825,0,,,1825
1,0,0,1,4,2,5475,1,3767,0.000265463,3.74E-05,0.001884542,1825
1,0,0,1,4,3,5475,2,7660,0.000261097,6.53E-05,0.001043979,1825
1,0,0,1,4,4,5475,1,9551,0.000104701,1.47E-05,0.00074328,1825
1,0,1,0,2,2,5475,0,1825,0,,,1825
1,0,1,0,2,3,5475,0,1825,0,,,1825
1,0,1,0,2,4,5475,0,1825,0,,,1825
1,0,1,0,3,2,5475,0,1825,0,,,1825
1,0,1,0,3,3,5475,1,6291,0.000158957,2.24E-05,0.001128449,1825
1,0,1,0,3,4,5475,1,5638,0.000177368,2.50E-05,0.001259147,1825
1,0,1,0,4,1,5475,0,1825,0,,,1825
1,0,1,0,4,2,5475,0,3650,0,,,1825
1,0,1,0,4,3,5475,0,1825,0,,,1825
1,0,1,0,4,4,5475,3,1335,0.002247191,0.000724767,0.006967571,1825
1,0,1,1,4,3,5475,1,2193,0.000455996,6.42E-05,0.003237151,1825
1,1,0,0,1,1,5475,0,16425,0,,,1825
1,1,0,0,1,2,5475,0,12775,0,,,1825
1,1,0,0,1,3,5475,0,7300,0,,,1825
1,1,0,0,2,1,5475,6,277504,2.16E-05,9.71E-06,4.81E-05,1825
1,1,0,0,2,2,5475,15,480822,3.12E-05,1.88E-05,5.17E-05,1825
1,1,0,0,2,3,5475,11,156068,7.05E-05,3.90E-05,0.00012727,1825
1,1,0,0,2,4,5475,4,25596,0.000156274,5.87E-05,0.000416379,1825
1,1,0,0,3,1,5475,0,69350,0,,,1825
1,1,0,0,3,2,5475,8,164882,4.85E-05,2.43E-05,9.70E-05,1825
1,1,0,0,3,3,5475,11,120779,9.11E-05,5.04E-05,0.000164455,1825
1,1,0,0,3,4,5475,4,21160,0.000189036,7.09E-05,0.000503669,1825
1,1,0,0,4,1,5475,2,12636,0.000158278,3.96E-05,0.000632865,1825
1,1,0,0,4,2,5475,1,45911,2.18E-05,3.07E-06,0.000154627,1825
1,1,0,0,4,3,5475,3,31617,9.49E-05,3.06E-05,0.0002942,1825
1,1,0,0,4,4,5475,0,9125,0,,,1825
1,1,0,1,1,2,5475,0,1825,0,,,1825
1,1,0,1,2,1,5475,0,1825,0,,,1825
1,1,0,1,2,2,5475,1,8875,0.000112676,1.59E-05,0.000799895,1825
1,1,0,1,2,3,5475,0,1825,0,,,1825
1,1,0,1,3,2,5475,0,1825,0,,,1825
1,1,0,1,3,3,5475,2,7512,0.000266241,6.66E-05,0.001064547,1825
1,1,0,1,3,4,5475,3,1103,0.002719855,0.000877211,0.008433099,1825
1,1,0,1,4,2,5475,0,1825,0,,,1825
1,1,0,1,4,3,5475,0,1825,0,,,1825
1,1,0,1,4,4,5475,0,1825,0,,,1825
1,1,1,0,1,2,5475,0,1825,0,,,1825
1,1,1,0,1,3,5475,0,1825,0,,,1825
1,1,1,0,2,2,5475,1,2037,0.000490918,6.92E-05,0.003485062,1825
1,1,1,0,2,3,5475,0,1825,0,,,1825
1,1,1,0,3,2,5475,0,1825,0,,,1825
1,1,1,0,3,3,5475,0,3650,0,,,1825
1,1,1,0,3,4,5475,0,1825,0,,,1825
1,1,1,0,4,3,5475,1,1260,0.000793651,0.000111796,0.005634184,1825
1,1,1,0,4,4,5475,0,1825,0,,,1825
1,0,0,0,1,1,7300,1,8090,0.000123609,1.74E-05,0.000877512,1825
1,0,0,0,1,2,7300,0,5864,0,,,1825
1,0,0,0,1,3,7300,0,2932,0,,,1825
1,0,0,0,1,4,7300,1,1602,0.00062422,8.79E-05,0.00443138,1825
1,0,0,0,2,1,7300,1,145382,6.88E-06,9.69E-07,4.88E-05,1825
1,0,0,0,2,2,7300,3,281069,1.07E-05,3.44E-06,3.31E-05,1825
1,0,0,0,2,3,7300,15,203705,7.36E-05,4.44E-05,0.000122143,1825
1,0,0,0,2,4,7300,14,63323,0.000221089,0.00013094,0.000373302,1825
1,0,0,0,3,1,7300,2,73106,2.74E-05,6.84E-06,0.000109387,1825
1,0,0,0,3,2,7300,3,209367,1.43E-05,4.62E-06,4.44E-05,1825
1,0,0,0,3,3,7300,12,240416,4.99E-05,2.83E-05,8.79E-05,1825
1,0,0,0,3,4,7300,15,75876,0.000197691,0.000119181,0.000327919,1825
1,0,0,0,4,1,7300,0,20524,0,,,1825
1,0,0,0,4,2,7300,1,74683,1.34E-05,1.89E-06,9.51E-05,1825
1,0,0,0,4,3,7300,8,90599,8.83E-05,4.42E-05,0.000176568,1825
1,0,0,0,4,4,7300,10,34041,0.000293763,0.000158061,0.000545973,1825
1,0,0,1,2,2,7300,1,1735,0.000576369,8.12E-05,0.004091684,1825
1,0,0,1,2,3,7300,0,5864,0,,,1825
1,0,0,1,2,4,7300,2,3944,0.000507099,0.000126824,0.002027606,1825
1,0,0,1,3,2,7300,0,1466,0,,,1825
1,0,0,1,3,3,7300,1,14697,6.80E-05,9.58E-06,0.000483029,1825
1,0,0,1,3,4,7300,1,4457,0.000224366,3.16E-05,0.001592791,1825
1,0,0,1,4,1,7300,0,1466,0,,,1825
1,0,0,1,4,2,7300,0,2932,0,,,1825
1,0,0,1,4,3,7300,1,3125,0.00032,4.51E-05,0.002271703,1825
1,0,0,1,4,4,7300,2,4919,0.000406587,0.000101686,0.001625712,1825
1,0,1,0,2,2,7300,0,1466,0,,,1825
1,0,1,0,2,3,7300,0,1466,0,,,1825
1,0,1,0,2,4,7300,1,47,0.021276596,0.002997096,0.151044072,1825
1,0,1,0,3,2,7300,0,1466,0,,,1825
1,0,1,0,3,3,7300,3,3658,0.00082012,0.000264506,0.00254284,1825
1,0,1,0,3,4,7300,2,2855,0.000700525,0.0001752,0.002801007,1825
1,0,1,0,4,1,7300,0,1466,0,,,1825
1,0,1,0,4,2,7300,1,2568,0.000389408,5.49E-05,0.002764436,1825
1,0,1,0,4,3,7300,0,1466,0,,,1825
1,0,1,1,4,3,7300,0,1466,0,,,1825
1,1,0,0,1,1,7300,0,13194,0,,,1825
1,1,0,0,1,2,7300,1,9773,0.000102323,1.44E-05,0.000726396,1825
1,1,0,0,1,3,7300,2,4252,0.000470367,0.000117638,0.001880733,1825
1,1,0,0,2,1,7300,2,216502,9.24E-06,2.31E-06,3.69E-05,1825
1,1,0,0,2,2,7300,19,361162,5.26E-05,3.36E-05,8.25E-05,1825
1,1,0,0,2,3,7300,6,110006,5.45E-05,2.45E-05,0.000121405,1825
1,1,0,0,2,4,7300,3,14790,0.00020284,6.54E-05,0.000628919,1825
1,1,0,0,3,1,7300,2,53730,3.72E-05,9.31E-06,0.000148834,1825
1,1,0,0,3,2,7300,6,123719,4.85E-05,2.18E-05,0.000107948,1825
1,1,0,0,3,3,7300,9,81555,0.000110355,5.74E-05,0.000212093,1825
1,1,0,0,3,4,7300,2,13154,0.000152045,3.80E-05,0.000607943,1825
1,1,0,0,4,1,7300,0,8796,0,,,1825
1,1,0,0,4,2,7300,3,34192,8.77E-05,2.83E-05,0.000272043,1825
1,1,0,0,4,3,7300,2,20352,9.83E-05,2.46E-05,0.000392928,1825
1,1,0,0,4,4,7300,5,2716,0.001840943,0.000766251,0.004422921,1825
1,1,0,1,1,2,7300,0,1466,0,,,1825
1,1,0,1,2,1,7300,0,1466,0,,,1825
1,1,0,1,2,2,7300,0,5864,0,,,1825
1,1,0,1,2,3,7300,0,1466,0,,,1825
1,1,0,1,3,2,7300,0,1466,0,,,1825
1,1,0,1,3,3,7300,1,3989,0.000250689,3.53E-05,0.001779662,1825
1,1,0,1,4,2,7300,0,1466,0,,,1825
1,1,0,1,4,3,7300,1,822,0.001216545,0.000171367,0.00863634,1825
1,1,0,1,4,4,7300,0,1466,0,,,1825
1,1,1,0,1,2,7300,0,1466,0,,,1825
1,1,1,0,1,3,7300,0,1466,0,,,1825
1,1,1,0,2,2,7300,0,1466,0,,,1825
1,1,1,0,2,3,7300,0,1466,0,,,1825
1,1,1,0,3,2,7300,0,1466,0,,,1825
1,1,1,0,3,3,7300,1,2709,0.00036914,5.20E-05,0.002620551,1825
1,1,1,0,3,4,7300,0,1466,0,,,1825
1,1,1,0,4,4,7300,0,1466,0,,,1825
0,0,0,0,1,4,0,0,3650,0,,,1825
0,0,0,0,2,1,0,0,58400,0,,,1825
0,0,0,0,2,2,0,1,100097,9.99E-06,1.41E-06,7.09E-05,1825
0,0,0,0,2,3,0,4,99225,4.03E-05,1.51E-05,0.000107409,1825
0,0,0,0,2,4,0,4,69176,5.78E-05,2.17E-05,0.000154065,1825
0,0,0,0,3,1,0,1,114253,8.75E-06,1.23E-06,6.21E-05,1825
0,0,0,0,3,2,0,1,228748,4.37E-06,6.16E-07,3.10E-05,1825
0,0,0,0,3,3,0,6,272921,2.20E-05,9.88E-06,4.89E-05,1825
0,0,0,0,3,4,0,8,131541,6.08E-05,3.04E-05,0.000121611,1825
0,0,0,0,4,1,0,0,32850,0,,,1825
0,0,0,0,4,2,0,0,80300,0,,,1825
0,0,0,0,4,3,0,3,44487,6.74E-05,2.17E-05,0.000209088,1825
0,0,0,0,4,4,0,2,24594,8.13E-05,2.03E-05,0.000325156,1825
0,0,0,1,2,2,0,0,3650,0,,,1825
0,0,0,1,2,3,0,0,3650,0,,,1825
0,0,0,1,2,4,0,0,1825,0,,,1825
0,0,0,1,3,2,0,0,7300,0,,,1825
0,0,0,1,3,3,0,0,1825,0,,,1825
0,0,0,1,3,4,0,1,9818,0.000101854,1.43E-05,0.000723067,1825
0,0,0,1,4,2,0,0,1825,0,,,1825
0,0,0,1,4,3,0,0,7300,0,,,1825
0,0,0,1,4,4,0,0,1825,0,,,1825
0,0,1,0,1,4,0,0,1825,0,,,1825
0,0,1,0,2,3,0,1,6696,0.000149343,2.10E-05,0.001060196,1825
0,0,1,0,2,4,0,1,6918,0.00014455,2.04E-05,0.001026174,1825
0,0,1,0,3,2,0,0,9125,0,,,1825
0,0,1,0,3,3,0,2,12423,0.000160992,4.03E-05,0.000643715,1825
0,0,1,0,3,4,0,0,7300,0,,,1825
0,0,1,0,4,3,0,1,5442,0.000183756,2.59E-05,0.001304497,1825
0,0,1,0,4,4,0,0,9125,0,,,1825
0,0,1,1,3,4,0,1,832,0.001201923,0.000169307,0.008532538,1825
0,1,0,0,1,2,0,0,12775,0,,,1825
0,1,0,0,1,3,0,1,3180,0.000314465,4.43E-05,0.002232412,1825
0,1,0,0,2,1,0,1,177618,5.63E-06,7.93E-07,4.00E-05,1825
0,1,0,0,2,2,0,8,339859,2.35E-05,1.18E-05,4.71E-05,1825
0,1,0,0,2,3,0,7,231255,3.03E-05,1.44E-05,6.35E-05,1825
0,1,0,0,2,4,0,11,105805,0.000103965,5.76E-05,0.00018773,1825
0,1,0,0,3,1,0,2,168779,1.18E-05,2.96E-06,4.74E-05,1825
0,1,0,0,3,2,0,5,415253,1.20E-05,5.01E-06,2.89E-05,1825
0,1,0,0,3,3,0,10,268211,3.73E-05,2.01E-05,6.93E-05,1825
0,1,0,0,3,4,0,7,84681,8.27E-05,3.94E-05,0.000173395,1825
0,1,0,0,4,1,0,0,52925,0,,,1825
0,1,0,0,4,2,0,2,79259,2.52E-05,6.31E-06,0.000100895,1825
0,1,0,0,4,3,0,1,40086,2.49E-05,3.51E-06,0.000177096,1825
0,1,0,0,4,4,0,1,16187,6.18E-05,8.70E-06,0.000438566,1825
0,1,0,1,2,1,0,0,1825,0,,,1825
0,1,0,1,2,3,0,1,3221,0.000310463,4.37E-05,0.002203996,1825
0,1,0,1,2,4,0,3,3726,0.000805153,0.000259679,0.002496433,1825
0,1,0,1,3,1,0,0,1825,0,,,1825
0,1,0,1,3,2,0,1,9503,0.00010523,1.48E-05,0.000747035,1825
0,1,0,1,3,3,0,0,5475,0,,,1825
0,1,0,1,3,4,0,1,430,0.002325581,0.00032759,0.016509468,1825
0,1,0,1,4,2,0,0,3650,0,,,1825
0,1,1,0,2,1,0,0,1825,0,,,1825
0,1,1,0,2,2,0,0,3650,0,,,1825
0,1,1,0,2,3,0,1,4222,0.000236855,3.34E-05,0.001681448,1825
0,1,1,0,2,4,0,0,1825,0,,,1825
0,1,1,0,3,2,0,0,9125,0,,,1825
0,1,1,0,3,3,0,0,5475,0,,,1825
0,1,1,0,3,4,0,0,1825,0,,,1825
0,1,1,0,4,2,0,0,3650,0,,,1825
0,1,1,0,4,3,0,0,1825,0,,,1825
0,1,1,0,4,4,0,0,3650,0,,,1825
0,0,0,0,1,4,1825,0,3650,0,,,1825
0,0,0,0,2,1,1825,0,58400,0,,,1825
0,0,0,0,2,2,1825,2,97948,2.04E-05,5.11E-06,8.16E-05,1825
0,0,0,0,2,3,1825,3,90270,3.32E-05,1.07E-05,0.000103043,1825
0,0,0,0,2,4,1825,5,60778,8.23E-05,3.42E-05,0.000197648,1825
0,0,0,0,3,1,1825,0,113150,0,,,1825
0,0,0,0,3,2,1825,8,219329,3.65E-05,1.82E-05,7.29E-05,1825
0,0,0,0,3,3,1825,8,256225,3.12E-05,1.56E-05,6.24E-05,1825
0,0,0,0,3,4,1825,6,117850,5.09E-05,2.29E-05,0.000113324,1825
0,0,0,0,4,1,1825,2,31047,6.44E-05,1.61E-05,0.000257573,1825
0,0,0,0,4,2,1825,1,78754,1.27E-05,1.79E-06,9.01E-05,1825
0,0,0,0,4,3,1825,3,38794,7.73E-05,2.49E-05,0.000239772,1825
0,0,0,0,4,4,1825,2,22229,9.00E-05,2.25E-05,0.00035975,1825
0,0,0,1,2,2,1825,0,3650,0,,,1825
0,0,0,1,2,3,1825,2,1797,0.001112966,0.00027835,0.004450126,1825
0,0,0,1,2,4,1825,0,1825,0,,,1825
0,0,0,1,3,2,1825,0,7300,0,,,1825
0,0,0,1,3,3,1825,1,297,0.003367003,0.000474288,0.023902597,1825
0,0,0,1,3,4,1825,1,8084,0.000123701,1.74E-05,0.000878163,1825
0,0,0,1,4,2,1825,0,1825,0,,,1825
0,0,0,1,4,3,1825,0,7300,0,,,1825
0,0,0,1,4,4,1825,0,1825,0,,,1825
0,0,1,0,1,4,1825,1,1743,0.000573723,8.08E-05,0.004072904,1825
0,0,1,0,2,3,1825,0,5475,0,,,1825
0,0,1,0,2,4,1825,0,5475,0,,,1825
0,0,1,0,3,2,1825,0,9125,0,,,1825
0,0,1,0,3,3,1825,2,7908,0.000252908,6.33E-05,0.001011239,1825
0,0,1,0,3,4,1825,1,6823,0.000146563,2.06E-05,0.001040462,1825
0,0,1,0,4,3,1825,1,2193,0.000455996,6.42E-05,0.003237151,1825
0,0,1,0,4,4,1825,2,7848,0.000254842,6.37E-05,0.00101897,1825
0,1,0,0,1,2,1825,0,12775,0,,,1825
0,1,0,0,1,3,1825,0,1825,0,,,1825
0,1,0,0,2,1,1825,1,175421,5.70E-06,8.03E-07,4.05E-05,1825
0,1,0,0,2,2,1825,12,320379,3.75E-05,2.13E-05,6.60E-05,1825
0,1,0,0,2,3,1825,13,215595,6.03E-05,3.50E-05,0.000103845,1825
0,1,0,0,2,4,1825,4,94655,4.23E-05,1.59E-05,0.000112595,1825
0,1,0,0,3,1,1825,1,164822,6.07E-06,8.55E-07,4.31E-05,1825
0,1,0,0,3,2,1825,11,395983,2.78E-05,1.54E-05,5.02E-05,1825
0,1,0,0,3,3,1825,14,248104,5.64E-05,3.34E-05,9.53E-05,1825
0,1,0,0,3,4,1825,8,67843,0.000117919,5.90E-05,0.000235793,1825
0,1,0,0,4,1,1825,0,52925,0,,,1825
0,1,0,0,4,2,1825,1,76253,1.31E-05,1.85E-06,9.31E-05,1825
0,1,0,0,4,3,1825,6,31824,0.000188537,8.47E-05,0.00041966,1825
0,1,0,0,4,4,1825,4,10448,0.000382848,0.00014369,0.001020064,1825
0,1,0,1,2,1,1825,0,1825,0,,,1825
0,1,0,1,2,3,1825,0,1825,0,,,1825
0,1,0,1,3,1,1825,0,1825,0,,,1825
0,1,0,1,3,2,1825,0,9125,0,,,1825
0,1,0,1,3,3,1825,1,5314,0.000188182,2.65E-05,0.001335919,1825
0,1,0,1,4,2,1825,0,3650,0,,,1825
0,1,1,0,2,1,1825,0,1825,0,,,1825
0,1,1,0,2,2,1825,0,3650,0,,,1825
0,1,1,0,2,3,1825,1,2990,0.000334448,4.71E-05,0.002374271,1825
0,1,1,0,2,4,1825,1,1351,0.000740192,0.000104266,0.005254679,1825
0,1,1,0,3,2,1825,0,9125,0,,,1825
0,1,1,0,3,3,1825,1,4762,0.000209996,2.96E-05,0.001490775,1825
0,1,1,0,3,4,1825,1,510,0.001960784,0.000276203,0.013919748,1825
0,1,1,0,4,2,1825,0,3650,0,,,1825
0,1,1,0,4,3,1825,0,1825,0,,,1825
0,1,1,0,4,4,1825,1,1833,0.000545554,7.68E-05,0.003872925,1825
0,0,0,0,1,4,3650,0,3650,0,,,1825
0,0,0,0,2,1,3650,1,56869,1.76E-05,2.48E-06,0.000124832,1825
0,0,0,0,2,2,3650,1,93155,1.07E-05,1.51E-06,7.62E-05,1825
0,0,0,0,2,3,3650,3,86104,3.48E-05,1.12E-05,0.000108029,1825
0,0,0,0,2,4,3650,7,50308,0.000139143,6.63E-05,0.000291867,1825
0,0,0,0,3,1,3650,0,113150,0,,,1825
0,0,0,0,3,2,3650,2,212030,9.43E-06,2.36E-06,3.77E-05,1825
0,0,0,0,3,3,3650,14,239151,5.85E-05,3.47E-05,9.88E-05,1825
0,0,0,0,3,4,3650,20,92647,0.000215873,0.000139272,0.000334606,1825
0,0,0,0,4,1,3650,0,29200,0,,,1825
0,0,0,0,4,2,3650,3,76294,3.93E-05,1.27E-05,0.000121919,1825
0,0,0,0,4,3,3650,0,36500,0,,,1825
0,0,0,0,4,4,3650,6,16550,0.000362538,0.000162874,0.000806965,1825
0,0,0,1,2,2,3650,0,3650,0,,,1825
0,0,0,1,2,4,3650,1,1725,0.00057971,8.17E-05,0.004115404,1825
0,0,0,1,3,2,3650,2,5261,0.000380156,9.51E-05,0.00152003,1825
0,0,0,1,3,4,3650,1,6896,0.000145012,2.04E-05,0.001029448,1825
0,0,0,1,4,2,3650,0,1825,0,,,1825
0,0,0,1,4,3,3650,0,7300,0,,,1825
0,0,0,1,4,4,3650,0,1825,0,,,1825
0,0,1,0,2,3,3650,1,4511,0.00022168,3.12E-05,0.001573725,1825
0,0,1,0,2,4,3650,0,5475,0,,,1825
0,0,1,0,3,2,3650,1,8731,0.000114534,1.61E-05,0.000813088,1825
0,0,1,0,3,3,3650,0,7300,0,,,1825
0,0,1,0,3,4,3650,0,5475,0,,,1825
0,0,1,0,4,3,3650,0,1825,0,,,1825
0,0,1,0,4,4,3650,2,3972,0.000503525,0.00012593,0.002013312,1825
0,1,0,0,1,2,3650,1,12398,8.07E-05,1.14E-05,0.000572598,1825
0,1,0,0,1,3,3650,0,1825,0,,,1825
0,1,0,0,2,1,3650,3,173449,1.73E-05,5.58E-06,5.36E-05,1825
0,1,0,0,2,2,3650,6,305358,1.96E-05,8.83E-06,4.37E-05,1825
0,1,0,0,2,3,3650,19,186195,0.000102044,6.51E-05,0.00015998,1825
0,1,0,0,2,4,3650,19,70928,0.000267877,0.000170866,0.000419967,1825
0,1,0,0,3,1,3650,5,159201,3.14E-05,1.31E-05,7.55E-05,1825
0,1,0,0,3,2,3650,22,366137,6.01E-05,3.96E-05,9.13E-05,1825
0,1,0,0,3,3,3650,15,219275,6.84E-05,4.12E-05,0.00011347,1825
0,1,0,0,3,4,3650,8,53862,0.000148528,7.43E-05,0.000296997,1825
0,1,0,0,4,1,3650,2,51160,3.91E-05,9.78E-06,0.000156311,1825
0,1,0,0,4,2,3650,4,71933,5.56E-05,2.09E-05,0.000148161,1825
0,1,0,0,4,3,3650,1,25870,3.87E-05,5.45E-06,0.000274413,1825
0,1,0,0,4,4,3650,2,4395,0.000455063,0.00011381,0.00181954,1825
0,1,0,1,2,1,3650,0,1825,0,,,1825
0,1,0,1,2,3,3650,1,797,0.001254705,0.000176742,0.008907241,1825
0,1,0,1,3,1,3650,1,1633,0.00061237,8.63E-05,0.004347257,1825
0,1,0,1,3,2,3650,2,6760,0.000295858,7.40E-05,0.00118297,1825
0,1,0,1,3,3,3650,1,3124,0.000320102,4.51E-05,0.00227243,1825
0,1,0,1,4,2,3650,1,2928,0.00034153,4.81E-05,0.002424546,1825
0,1,1,0,2,1,3650,0,1825,0,,,1825
0,1,1,0,2,2,3650,0,3650,0,,,1825
0,1,1,0,2,3,3650,1,1438,0.00069541,9.80E-05,0.004936767,1825
0,1,1,0,3,2,3650,1,8134,0.000122941,1.73E-05,0.000872765,1825
0,1,1,0,3,3,3650,0,3650,0,,,1825
0,1,1,0,4,2,3650,0,3650,0,,,1825
0,1,1,0,4,3,3650,0,1825,0,,,1825
0,1,1,0,4,4,3650,0,1825,0,,,1825
0,0,0,0,1,4,5475,2,2682,0.000745712,0.000186501,0.002981684,1825
0,0,0,0,2,1,5475,0,56575,0,,,1825
0,0,0,0,2,2,5475,4,92204,4.34E-05,1.63E-05,0.000115588,1825
0,0,0,0,2,3,5475,7,76969,9.09E-05,4.34E-05,0.000190768,1825
0,0,0,0,2,4,5475,8,36498,0.00021919,0.000109616,0.000438295,1825
0,0,0,0,3,1,5475,3,109424,2.74E-05,8.84E-06,8.50E-05,1825
0,0,0,0,3,2,5475,10,201733,4.96E-05,2.67E-05,9.21E-05,1825
0,0,0,0,3,3,5475,20,209296,9.56E-05,6.17E-05,0.000148117,1825
0,0,0,0,3,4,5475,16,61634,0.000259597,0.000159037,0.000423741,1825
0,0,0,0,4,1,5475,0,29200,0,,,1825
0,0,0,0,4,2,5475,3,70746,4.24E-05,1.37E-05,0.00013148,1825
0,0,0,0,4,3,5475,7,28123,0.000248907,0.000118662,0.000522108,1825
0,0,0,0,4,4,5475,4,6450,0.000620155,0.000232755,0.001652346,1825
0,0,0,1,2,2,5475,0,3650,0,,,1825
0,0,0,1,3,2,5475,0,3650,0,,,1825
0,0,0,1,3,4,5475,0,5475,0,,,1825
0,0,0,1,4,2,5475,0,1825,0,,,1825
0,0,0,1,4,3,5475,3,3937,0.000762002,0.000245762,0.002362639,1825
0,0,0,1,4,4,5475,1,1063,0.000940734,0.000132515,0.006678336,1825
0,0,1,0,2,3,5475,1,2384,0.000419463,5.91E-05,0.002977798,1825
0,0,1,0,2,4,5475,1,3915,0.000255428,3.60E-05,0.0018133,1825
0,0,1,0,3,2,5475,1,6678,0.000149745,2.11E-05,0.001063054,1825
0,0,1,0,3,3,5475,3,5323,0.000563592,0.00018177,0.001747456,1825
0,0,1,0,3,4,5475,2,4114,0.000486145,0.000121584,0.00194382,1825
0,0,1,0,4,3,5475,1,794,0.001259446,0.00017741,0.008940896,1825
0,0,1,0,4,4,5475,1,257,0.003891051,0.000548107,0.027622846,1825
0,1,0,0,1,2,5475,0,10950,0,,,1825
0,1,0,0,1,3,5475,0,1825,0,,,1825
0,1,0,0,2,1,5475,6,164487,3.65E-05,1.64E-05,8.12E-05,1825
0,1,0,0,2,2,5475,14,286456,4.89E-05,2.89E-05,8.25E-05,1825
0,1,0,0,2,3,5475,15,153540,9.77E-05,5.89E-05,0.00016205,1825
0,1,0,0,2,4,5475,13,45748,0.000284165,0.000165002,0.000489387,1825
0,1,0,0,3,1,5475,3,154238,1.95E-05,6.27E-06,6.03E-05,1825
0,1,0,0,3,2,5475,24,325889,7.36E-05,4.94E-05,0.000109873,1825
0,1,0,0,3,3,5475,24,181820,0.000131999,8.85E-05,0.000196934,1825
0,1,0,0,3,4,5475,7,37316,0.000187587,8.94E-05,0.000393484,1825
0,1,0,0,4,1,5475,0,49275,0,,,1825
0,1,0,0,4,2,5475,6,61582,9.74E-05,4.38E-05,0.00021687,1825
0,1,0,0,4,3,5475,5,21222,0.000235605,9.81E-05,0.000566047,1825
0,1,0,0,4,4,5475,2,2765,0.000723327,0.000180902,0.002892179,1825
0,1,0,1,2,1,5475,0,1825,0,,,1825
0,1,0,1,3,2,5475,1,5241,0.000190803,2.69E-05,0.001354526,1825
0,1,0,1,3,3,5475,0,1825,0,,,1825
0,1,0,1,4,2,5475,0,1825,0,,,1825
0,1,1,0,2,1,5475,0,1825,0,,,1825
0,1,1,0,2,2,5475,0,3650,0,,,1825
0,1,1,0,3,2,5475,2,6539,0.000305857,7.65E-05,0.001222951,1825
0,1,1,0,3,3,5475,2,1085,0.001843318,0.000461009,0.007370393,1825
0,1,1,0,4,2,5475,0,3650,0,,,1825
0,1,1,0,4,3,5475,1,51,0.019607843,0.002762029,0.139197478,1825
0,1,1,0,4,4,5475,1,289,0.003460208,0.000487417,0.024564261,1825
0,0,0,0,2,1,7300,2,44442,4.50E-05,1.13E-05,0.00017994,1825
0,0,0,0,2,2,7300,2,68271,2.93E-05,7.33E-06,0.000117134,1825
0,0,0,0,2,3,7300,7,52708,0.000132807,6.33E-05,0.000278577,1825
0,0,0,0,2,4,7300,9,17928,0.000502008,0.000261202,0.000964816,1825
0,0,0,0,3,1,7300,1,85946,1.16E-05,1.64E-06,8.26E-05,1825
0,0,0,0,3,2,7300,11,146340,7.52E-05,4.16E-05,0.00013573,1825
0,0,0,0,3,3,7300,23,133524,0.000172254,0.000114467,0.000259213,1825
0,0,0,0,3,4,7300,8,32037,0.000249711,0.00012488,0.000499325,1825
0,0,0,0,4,1,7300,1,23285,4.29E-05,6.05E-06,0.000304877,1825
0,0,0,0,4,2,7300,3,52563,5.71E-05,1.84E-05,0.000176963,1825
0,0,0,0,4,3,7300,2,17541,0.000114019,2.85E-05,0.000455896,1825
0,0,0,0,4,4,7300,1,585,0.001709402,0.000240792,0.012135165,1825
0,0,0,1,2,2,7300,1,1855,0.000539084,7.59E-05,0.003826993,1825
0,0,0,1,3,2,7300,1,1518,0.000658762,9.28E-05,0.004676595,1825
0,0,0,1,3,4,7300,2,2218,0.000901713,0.000225516,0.003605445,1825
0,0,0,1,4,2,7300,0,1466,0,,,1825
0,0,0,1,4,3,7300,1,1408,0.000710227,0.000100045,0.005041954,1825
0,0,1,0,2,3,7300,1,520,0.001923077,0.000270891,0.01365206,1825
0,0,1,0,2,4,7300,1,1649,0.000606428,8.54E-05,0.004305077,1825
0,0,1,0,3,2,7300,0,4398,0,,,1825
0,0,1,0,3,3,7300,0,1466,0,,,1825
0,0,1,0,3,4,7300,0,1466,0,,,1825
0,1,0,0,1,2,7300,0,8796,0,,,1825
0,1,0,0,1,3,7300,0,1466,0,,,1825
0,1,0,0,2,1,7300,4,124509,3.21E-05,1.21E-05,8.56E-05,1825
0,1,0,0,2,2,7300,11,209816,5.24E-05,2.90E-05,9.47E-05,1825
0,1,0,0,2,3,7300,17,96544,0.000176086,0.000109465,0.00028325,1825
0,1,0,0,2,4,7300,9,21484,0.000418916,0.000217968,0.000805121,1825
0,1,0,0,3,1,7300,6,116085,5.17E-05,2.32E-05,0.000115047,1825
0,1,0,0,3,2,7300,17,232529,7.31E-05,4.54E-05,0.000117603,1825
0,1,0,0,3,3,7300,21,109493,0.000191793,0.000125051,0.000294158,1825
0,1,0,0,3,4,7300,10,20771,0.00048144,0.000259041,0.00089478,1825
0,1,0,0,4,1,7300,3,36445,8.23E-05,2.65E-05,0.000255226,1825
0,1,0,0,4,2,7300,3,43507,6.90E-05,2.22E-05,0.000213798,1825
0,1,0,0,4,3,7300,6,8918,0.000672797,0.000302261,0.001497564,1825
0,1,0,1,2,1,7300,0,1466,0,,,1825
0,1,0,1,3,2,7300,1,2742,0.000364697,5.14E-05,0.002589012,1825
0,1,0,1,3,3,7300,1,184,0.005434783,0.000765562,0.03858191,1825
0,1,0,1,4,2,7300,0,1466,0,,,1825
0,1,1,0,2,1,7300,0,1466,0,,,1825
0,1,1,0,2,2,7300,1,2186,0.000457457,6.44E-05,0.003247517,1825
0,1,1,0,3,2,7300,1,1938,0.000515996,7.27E-05,0.003663092,1825
0,1,1,0,4,2,7300,1,1526,0.000655308,9.23E-05,0.004652078,1825